lat_bin,lon_bin,load_raw,load_norm
12.8,77.712,4.0,0.1538
12.804,77.708,1.0,0.0385
12.808,77.664,1.0,0.0385
12.812,77.664,3.0,0.1154
12.816,77.69200000000001,1.0,0.0385
12.82,77.688,12.0,0.4615
12.824,77.684,2.0,0.0769
12.828,77.684,1.0,0.0385
12.832,77.68,1.0,0.0385
12.836,77.68,5.0,0.1923
12.84,77.644,3.0,0.1154
12.84,77.648,3.0,0.1154
12.84,77.652,3.0,0.1154
12.84,77.656,2.0,0.0769
12.84,77.676,18.5,0.7115
12.84,77.68,1.0,0.0385
12.844,77.57600000000001,2.5,0.0962
12.844,77.58800000000001,1.0,0.0385
12.844,77.672,1.0,0.0385
12.844,77.688,1.0,0.0385
12.848,77.56400000000001,1.0,0.0385
12.848,77.57600000000001,1.0,0.0385
12.848,77.58800000000001,3.5,0.1346
12.848,77.66,1.0,0.0385
12.848,77.668,1.0,0.0385
12.848,77.672,3.0,0.1154
12.852,77.556,1.0,0.0385
12.852,77.58800000000001,9.0,0.3462
12.852,77.66,1.0,0.0385
12.852,77.668,3.0,0.1154
12.856,77.524,2.5,0.0962
12.856,77.528,2.5,0.0962
12.856,77.532,1.0,0.0385
12.856,77.58800000000001,17.5,0.6731
12.856,77.664,10.0,0.3846
12.86,77.432,2.5,0.0962
12.86,77.52,2.0,0.0769
12.86,77.58800000000001,2.0,0.0769
12.86,77.592,1.0,0.0385
12.86,77.66,2.0,0.0769
12.86,77.708,2.5,0.0962
12.864,77.516,3.0,0.1154
12.864,77.556,1.0,0.0385
12.864,77.592,2.0,0.0769
12.864,77.656,1.0,0.0385
12.864,77.672,1.0,0.0385
12.868,77.44,1.0,0.0385
12.868,77.504,1.0,0.0385
12.868,77.508,1.0,0.0385
12.868,77.536,3.0,0.1154
12.868,77.58,1.0,0.0385
12.868,77.592,8.0,0.3077
12.868,77.616,3.0,0.1154
12.868,77.652,6.0,0.2308
12.868,77.656,2.0,0.0769
12.872,77.532,1.0,0.0385
12.872,77.54,2.0,0.0769
12.872,77.592,3.0,0.1154
12.872,77.596,1.0,0.0385
12.872,77.624,12.0,0.4615
12.872,77.652,10.5,0.4038
12.872,77.66,2.5,0.0962
12.876,77.496,1.0,0.0385
12.876,77.5,1.0,0.0385
12.876,77.54,1.0,0.0385
12.876,77.544,2.0,0.0769
12.876,77.548,1.0,0.0385
12.876,77.596,9.0,0.3462
12.876,77.604,1.0,0.0385
12.876,77.612,4.0,0.1538
12.876,77.616,6.0,0.2308
12.876,77.624,5.0,0.1923
12.876,77.644,1.0,0.0385
12.876,77.648,8.0,0.3077
12.876,77.668,2.0,0.0769
12.876,77.672,1.0,0.0385
12.876,77.768,1.0,0.0385
12.88,77.48,1.0,0.0385
12.88,77.496,5.0,0.1923
12.88,77.544,3.0,0.1154
12.88,77.552,1.0,0.0385
12.88,77.596,8.0,0.3077
12.88,77.608,2.0,0.0769
12.88,77.612,6.0,0.2308
12.88,77.616,1.0,0.0385
12.88,77.636,2.5,0.0962
12.88,77.644,4.0,0.1538
12.88,77.648,4.5,0.1731
12.88,77.672,2.0,0.0769
12.884,77.54,1.0,0.0385
12.884,77.544,1.0,0.0385
12.884,77.548,2.5,0.0962
12.884,77.57600000000001,1.0,0.0385
12.884,77.596,6.0,0.2308
12.884,77.608,1.0,0.0385
12.884,77.612,2.0,0.0769
12.884,77.644,4.0,0.1538
12.884,77.752,5.0,0.1923
12.884,77.756,14.0,0.5385
12.888,77.504,2.5,0.0962
12.888,77.536,2.0,0.0769
12.888,77.56400000000001,5.0,0.1923
12.888,77.58,5.0,0.1923
12.888,77.596,7.0,0.2692
12.888,77.64,13.0,0.5
12.888,77.736,2.5,0.0962
12.888,77.74,4.0,0.1538
12.892,77.48,2.5,0.0962
12.892,77.484,3.0,0.1154
12.892,77.56400000000001,6.0,0.2308
12.892,77.584,2.5,0.0962
12.892,77.592,1.0,0.0385
12.892,77.596,4.0,0.1538
12.892,77.60000000000001,13.0,0.5
12.892,77.608,1.0,0.0385
12.892,77.612,1.0,0.0385
12.892,77.62,1.0,0.0385
12.892,77.628,1.0,0.0385
12.892,77.636,2.0,0.0769
12.892,77.64,2.0,0.0769
12.892,77.644,2.0,0.0769
12.896,77.556,2.0,0.0769
12.896,77.572,3.0,0.1154
12.896,77.584,1.0,0.0385
12.896,77.60000000000001,12.0,0.4615
12.896,77.608,1.0,0.0385
12.896,77.62,2.0,0.0769
12.896,77.624,3.0,0.1154
12.896,77.628,4.0,0.1538
12.896,77.636,5.0,0.1923
12.896,77.66,1.0,0.0385
12.896,77.668,1.0,0.0385
12.896,77.72,4.0,0.1538
12.9,77.468,7.0,0.2692
12.9,77.544,7.0,0.2692
12.9,77.548,1.0,0.0385
12.9,77.56,2.5,0.0962
12.9,77.572,3.0,0.1154
12.9,77.58,1.0,0.0385
12.9,77.584,1.0,0.0385
12.9,77.60000000000001,20.5,0.7885
12.9,77.604,2.5,0.0962
12.9,77.608,1.0,0.0385
12.9,77.624,3.0,0.1154
12.9,77.628,2.0,0.0769
12.9,77.632,8.0,0.3077
12.9,77.636,1.0,0.0385
12.9,77.66,5.5,0.2115
12.9,77.708,2.0,0.0769
12.9,77.712,1.0,0.0385
12.904,77.468,2.0,0.0769
12.904,77.47200000000001,5.0,0.1923
12.904,77.512,2.0,0.0769
12.904,77.544,7.5,0.2885
12.904,77.572,2.0,0.0769
12.904,77.57600000000001,1.0,0.0385
12.904,77.584,8.0,0.3077
12.904,77.592,2.5,0.0962
12.904,77.60000000000001,30.5,1.0
12.904,77.604,1.0,0.0385
12.904,77.608,1.0,0.0385
12.904,77.624,2.0,0.0769
12.904,77.628,17.0,0.6538
12.904,77.632,2.0,0.0769
12.904,77.66,1.0,0.0385
12.904,77.668,1.0,0.0385
12.904,77.70400000000001,1.0,0.0385
12.908,77.47200000000001,5.0,0.1923
12.908,77.536,1.0,0.0385
12.908,77.544,5.0,0.1923
12.908,77.548,8.0,0.3077
12.908,77.572,16.0,0.6154
12.908,77.57600000000001,2.0,0.0769
12.908,77.58,3.5,0.1346
12.908,77.584,13.0,0.5
12.908,77.58800000000001,2.0,0.0769
12.908,77.592,2.0,0.0769
12.908,77.596,2.0,0.0769
12.908,77.60000000000001,11.0,0.4231
12.908,77.628,30.0,1.0
12.908,77.656,1.0,0.0385
12.908,77.676,1.0,0.0385
12.908,77.688,1.0,0.0385
12.908,77.69200000000001,2.0,0.0769
12.908,77.696,5.0,0.1923
12.908,77.7,1.0,0.0385
12.912,77.48,3.0,0.1154
12.912,77.484,13.0,0.5
12.912,77.552,8.0,0.3077
12.912,77.56,4.0,0.1538
12.912,77.56400000000001,2.0,0.0769
12.912,77.568,17.0,0.6538
12.912,77.572,1.0,0.0385
12.912,77.58,1.0,0.0385
12.912,77.584,7.5,0.2885
12.912,77.58800000000001,1.0,0.0385
12.912,77.592,3.5,0.1346
12.912,77.60000000000001,10.5,0.4038
12.912,77.604,2.0,0.0769
12.912,77.624,18.5,0.7115
12.912,77.628,17.5,0.6731
12.912,77.64,1.0,0.0385
12.912,77.676,7.5,0.2885
12.912,77.68,2.0,0.0769
12.916,77.56400000000001,15.0,0.5769
12.916,77.568,18.5,0.7115
12.916,77.572,22.0,0.8462
12.916,77.57600000000001,4.0,0.1538
12.916,77.58,8.5,0.3269
12.916,77.584,22.5,0.8654
12.916,77.58800000000001,17.0,0.6538
12.916,77.596,13.0,0.5
12.916,77.60000000000001,9.0,0.3462
12.916,77.604,1.0,0.0385
12.916,77.608,6.5,0.25
12.916,77.612,3.0,0.1154
12.916,77.616,12.0,0.4615
12.916,77.62,2.0,0.0769
12.916,77.624,34.0,1.0
12.916,77.628,3.0,0.1154
12.916,77.632,10.0,0.3846
12.916,77.636,3.0,0.1154
12.916,77.64,2.0,0.0769
12.916,77.672,5.0,0.1923
12.916,77.676,1.0,0.0385
12.916,77.69200000000001,1.0,0.0385
12.92,77.496,2.5,0.0962
12.92,77.52,1.0,0.0385
12.92,77.528,1.0,0.0385
12.92,77.544,5.0,0.1923
12.92,77.548,1.0,0.0385
12.92,77.56,4.0,0.1538
12.92,77.56400000000001,2.0,0.0769
12.92,77.572,1.0,0.0385
12.92,77.58,4.5,0.1731
12.92,77.584,4.0,0.1538
12.92,77.58800000000001,59.5,1.0
12.92,77.596,2.5,0.0962
12.92,77.60000000000001,3.0,0.1154
12.92,77.612,1.0,0.0385
12.92,77.616,1.0,0.0385
12.92,77.62,38.5,1.0
12.92,77.64,2.0,0.0769
12.92,77.644,5.5,0.2115
12.92,77.652,1.0,0.0385
12.92,77.656,2.5,0.0962
12.92,77.66,10.0,0.3846
12.92,77.664,10.0,0.3846
12.92,77.668,6.0,0.2308
12.92,77.736,8.0,0.3077
12.924,77.52,2.5,0.0962
12.924,77.544,1.0,0.0385
12.924,77.548,5.0,0.1923
12.924,77.552,16.0,0.6154
12.924,77.556,1.0,0.0385
12.924,77.57600000000001,8.0,0.3077
12.924,77.58,4.0,0.1538
12.924,77.584,5.5,0.2115
12.924,77.592,3.5,0.1346
12.924,77.596,5.0,0.1923
12.924,77.60000000000001,4.0,0.1538
12.924,77.608,3.0,0.1154
12.924,77.612,1.0,0.0385
12.924,77.616,15.0,0.5769
12.924,77.62,46.0,1.0
12.924,77.624,2.0,0.0769
12.924,77.628,10.5,0.4038
12.924,77.632,2.0,0.0769
12.924,77.636,2.0,0.0769
12.924,77.644,4.5,0.1731
12.924,77.648,9.0,0.3462
12.924,77.652,3.0,0.1154
12.924,77.656,8.0,0.3077
12.924,77.66,4.0,0.1538
12.924,77.668,4.0,0.1538
12.924,77.672,7.0,0.2692
12.924,77.676,2.0,0.0769
12.924,77.736,1.0,0.0385
12.928,77.468,2.5,0.0962
12.928,77.532,1.0,0.0385
12.928,77.544,5.0,0.1923
12.928,77.548,10.0,0.3846
12.928,77.56400000000001,2.0,0.0769
12.928,77.568,1.0,0.0385
12.928,77.572,1.0,0.0385
12.928,77.57600000000001,2.5,0.0962
12.928,77.58,9.0,0.3462
12.928,77.584,3.5,0.1346
12.928,77.58800000000001,3.0,0.1154
12.928,77.592,5.0,0.1923
12.928,77.596,3.5,0.1346
12.928,77.60000000000001,18.0,0.6923
12.928,77.608,1.0,0.0385
12.928,77.616,14.0,0.5385
12.928,77.62,43.0,1.0
12.928,77.632,3.5,0.1346
12.928,77.676,8.0,0.3077
12.928,77.68,14.0,0.5385
12.928,77.684,9.5,0.3654
12.932,77.488,2.0,0.0769
12.932,77.492,2.5,0.0962
12.932,77.508,1.0,0.0385
12.932,77.516,2.0,0.0769
12.932,77.54,3.0,0.1154
12.932,77.544,2.0,0.0769
12.932,77.552,1.0,0.0385
12.932,77.568,1.0,0.0385
12.932,77.58,5.5,0.2115
12.932,77.584,3.5,0.1346
12.932,77.58800000000001,1.0,0.0385
12.932,77.60000000000001,1.0,0.0385
12.932,77.608,1.0,0.0385
12.932,77.612,4.0,0.1538
12.932,77.616,2.0,0.0769
12.932,77.62,2.5,0.0962
12.932,77.624,10.0,0.3846
12.932,77.632,1.0,0.0385
12.932,77.684,2.0,0.0769
12.932,77.688,36.0,1.0
12.936,77.47200000000001,3.5,0.1346
12.936,77.512,17.0,0.6538
12.936,77.516,18.5,0.7115
12.936,77.52,20.0,0.7692
12.936,77.532,1.0,0.0385
12.936,77.536,3.0,0.1154
12.936,77.56400000000001,2.5,0.0962
12.936,77.572,2.0,0.0769
12.936,77.58,5.0,0.1923
12.936,77.584,3.5,0.1346
12.936,77.60000000000001,2.0,0.0769
12.936,77.604,4.0,0.1538
12.936,77.608,18.5,0.7115
12.936,77.612,3.0,0.1154
12.936,77.616,6.0,0.2308
12.936,77.624,4.0,0.1538
12.936,77.628,9.5,0.3654
12.936,77.632,1.0,0.0385
12.936,77.636,2.0,0.0769
12.936,77.688,3.0,0.1154
12.936,77.69200000000001,12.0,0.4615
12.936,77.7,1.0,0.0385
12.936,77.70400000000001,27.5,1.0
12.936,77.708,4.0,0.1538
12.936,77.744,1.0,0.0385
12.936,77.748,2.0,0.0769
12.94,77.384,1.0,0.0385
12.94,77.512,1.0,0.0385
12.94,77.52,9.5,0.3654
12.94,77.524,14.0,0.5385
12.94,77.532,1.0,0.0385
12.94,77.556,5.5,0.2115
12.94,77.56,3.5,0.1346
12.94,77.572,2.5,0.0962
12.94,77.57600000000001,1.0,0.0385
12.94,77.58,6.5,0.25
12.94,77.584,2.5,0.0962
12.94,77.592,1.0,0.0385
12.94,77.596,12.5,0.4808
12.94,77.60000000000001,6.5,0.25
12.94,77.608,1.0,0.0385
12.94,77.62,1.0,0.0385
12.94,77.628,1.0,0.0385
12.94,77.632,2.0,0.0769
12.94,77.636,7.0,0.2692
12.94,77.696,20.0,0.7692
12.94,77.7,1.0,0.0385
12.94,77.744,2.0,0.0769
12.94,77.748,40.5,1.0
12.944,77.468,4.5,0.1731
12.944,77.496,6.0,0.2308
12.944,77.5,2.5,0.0962
12.944,77.524,4.0,0.1538
12.944,77.528,26.5,1.0
12.944,77.532,1.0,0.0385
12.944,77.548,1.0,0.0385
12.944,77.56,1.0,0.0385
12.944,77.568,6.5,0.25
12.944,77.572,4.5,0.1731
12.944,77.57600000000001,9.0,0.3462
12.944,77.58,4.0,0.1538
12.944,77.584,4.5,0.1731
12.944,77.596,28.5,1.0
12.944,77.604,6.0,0.2308
12.944,77.608,2.0,0.0769
12.944,77.62,1.0,0.0385
12.944,77.624,8.0,0.3077
12.944,77.696,9.5,0.3654
12.944,77.7,2.0,0.0769
12.944,77.71600000000001,1.0,0.0385
12.944,77.748,29.0,1.0
12.948,77.468,2.5,0.0962
12.948,77.496,2.0,0.0769
12.948,77.524,4.0,0.1538
12.948,77.528,2.0,0.0769
12.948,77.532,11.0,0.4231
12.948,77.536,19.5,0.75
12.948,77.56,3.0,0.1154
12.948,77.568,1.0,0.0385
12.948,77.572,7.5,0.2885
12.948,77.58,1.0,0.0385
12.948,77.584,1.0,0.0385
12.948,77.58800000000001,2.5,0.0962
12.948,77.592,6.5,0.25
12.948,77.596,14.0,0.5385
12.948,77.60000000000001,3.0,0.1154
12.948,77.604,7.5,0.2885
12.948,77.608,1.0,0.0385
12.948,77.62,5.0,0.1923
12.948,77.688,1.0,0.0385
12.948,77.7,12.0,0.4615
12.948,77.71600000000001,1.0,0.0385
12.948,77.748,2.0,0.0769
12.952,77.5,11.5,0.4423
12.952,77.516,1.0,0.0385
12.952,77.52,3.0,0.1154
12.952,77.536,22.5,0.8654
12.952,77.54,59.5,1.0
12.952,77.544,17.0,0.6538
12.952,77.568,2.5,0.0962
12.952,77.572,3.0,0.1154
12.952,77.57600000000001,2.0,0.0769
12.952,77.584,3.0,0.1154
12.952,77.58800000000001,3.5,0.1346
12.952,77.592,8.5,0.3269
12.952,77.596,3.5,0.1346
12.952,77.604,10.5,0.4038
12.952,77.608,2.5,0.0962
12.952,77.62,6.0,0.2308
12.952,77.624,2.0,0.0769
12.952,77.7,12.0,0.4615
12.952,77.71600000000001,4.5,0.1731
12.956,77.504,3.5,0.1346
12.956,77.52,7.0,0.2692
12.956,77.532,1.0,0.0385
12.956,77.536,1.0,0.0385
12.956,77.544,29.0,1.0
12.956,77.548,23.0,0.8846
12.956,77.552,43.0,1.0
12.956,77.56400000000001,1.0,0.0385
12.956,77.568,6.0,0.2308
12.956,77.572,4.5,0.1731
12.956,77.57600000000001,6.0,0.2308
12.956,77.58,3.0,0.1154
12.956,77.584,12.0,0.4615
12.956,77.58800000000001,1.0,0.0385
12.956,77.592,16.0,0.6154
12.956,77.596,2.0,0.0769
12.956,77.604,17.5,0.6731
12.956,77.608,2.0,0.0769
12.956,77.62,4.0,0.1538
12.956,77.64,1.0,0.0385
12.956,77.644,2.0,0.0769
12.956,77.676,3.5,0.1346
12.956,77.68,3.0,0.1154
12.956,77.688,4.5,0.1731
12.956,77.69200000000001,11.0,0.4231
12.956,77.696,5.0,0.1923
12.956,77.7,28.5,1.0
12.956,77.70400000000001,4.0,0.1538
12.956,77.708,9.0,0.3462
12.956,77.712,2.0,0.0769
12.956,77.71600000000001,12.0,0.4615
12.956,77.72,7.0,0.2692
12.956,77.724,1.0,0.0385
12.956,77.72800000000001,3.0,0.1154
12.956,77.732,5.0,0.1923
12.956,77.744,6.0,0.2308
12.96,77.504,15.0,0.5769
12.96,77.512,12.5,0.4808
12.96,77.516,11.0,0.4231
12.96,77.52,4.5,0.1731
12.96,77.524,2.0,0.0769
12.96,77.528,2.0,0.0769
12.96,77.532,5.0,0.1923
12.96,77.548,1.0,0.0385
12.96,77.552,9.5,0.3654
12.96,77.556,43.5,1.0
12.96,77.56,30.5,1.0
12.96,77.56400000000001,9.0,0.3462
12.96,77.568,1.0,0.0385
12.96,77.572,9.0,0.3462
12.96,77.57600000000001,8.0,0.3077
12.96,77.584,10.0,0.3846
12.96,77.58800000000001,12.5,0.4808
12.96,77.592,6.0,0.2308
12.96,77.596,3.0,0.1154
12.96,77.60000000000001,2.5,0.0962
12.96,77.604,5.0,0.1923
12.96,77.608,9.5,0.3654
12.96,77.632,13.0,0.5
12.96,77.636,9.5,0.3654
12.96,77.64,11.5,0.4423
12.96,77.644,4.5,0.1731
12.96,77.648,5.0,0.1923
12.96,77.652,4.0,0.1538
12.96,77.656,16.5,0.6346
12.96,77.66,2.0,0.0769
12.96,77.664,3.5,0.1346
12.96,77.668,1.0,0.0385
12.96,77.7,8.0,0.3077
12.96,77.71600000000001,2.0,0.0769
12.96,77.748,12.5,0.4808
12.964,77.504,3.5,0.1346
12.964,77.512,8.0,0.3077
12.964,77.532,1.0,0.0385
12.964,77.536,2.0,0.0769
12.964,77.56400000000001,7.0,0.2692
12.964,77.568,33.0,1.0
12.964,77.572,10.0,0.3846
12.964,77.57600000000001,14.5,0.5577
12.964,77.58,23.0,0.8846
12.964,77.584,72.0,1.0
12.964,77.58800000000001,24.0,0.9231
12.964,77.592,8.5,0.3269
12.964,77.596,43.0,1.0
12.964,77.60000000000001,6.0,0.2308
12.964,77.604,1.0,0.0385
12.964,77.608,2.0,0.0769
12.964,77.616,5.5,0.2115
12.964,77.62,3.0,0.1154
12.964,77.624,3.0,0.1154
12.964,77.628,9.5,0.3654
12.964,77.632,2.0,0.0769
12.964,77.64,11.0,0.4231
12.964,77.66,1.0,0.0385
12.964,77.664,1.0,0.0385
12.964,77.7,4.0,0.1538
12.964,77.70400000000001,3.0,0.1154
12.964,77.748,2.0,0.0769
12.964,77.768,1.0,0.0385
12.968,77.496,2.5,0.0962
12.968,77.504,11.0,0.4231
12.968,77.508,1.0,0.0385
12.968,77.512,6.0,0.2308
12.968,77.536,3.0,0.1154
12.968,77.54,2.5,0.0962
12.968,77.544,2.0,0.0769
12.968,77.56,1.0,0.0385
12.968,77.56400000000001,2.5,0.0962
12.968,77.568,14.0,0.5385
12.968,77.572,4.0,0.1538
12.968,77.57600000000001,15.0,0.5769
12.968,77.584,2.0,0.0769
12.968,77.58800000000001,86.5,1.0
12.968,77.592,15.0,0.5769
12.968,77.596,14.0,0.5385
12.968,77.60000000000001,5.0,0.1923
12.968,77.604,2.0,0.0769
12.968,77.608,44.0,1.0
12.968,77.612,8.5,0.3269
12.968,77.616,4.0,0.1538
12.968,77.62,3.0,0.1154
12.968,77.624,6.0,0.2308
12.968,77.64,2.5,0.0962
12.968,77.648,1.0,0.0385
12.968,77.652,3.5,0.1346
12.968,77.66,8.5,0.3269
12.968,77.7,118.5,1.0
12.968,77.70400000000001,2.0,0.0769
12.968,77.712,1.0,0.0385
12.968,77.732,3.0,0.1154
12.968,77.736,1.0,0.0385
12.968,77.748,7.0,0.2692
12.968,77.752,4.0,0.1538
12.972,77.508,7.0,0.2692
12.972,77.512,6.0,0.2308
12.972,77.532,1.0,0.0385
12.972,77.536,2.0,0.0769
12.972,77.54,5.0,0.1923
12.972,77.544,2.0,0.0769
12.972,77.552,3.0,0.1154
12.972,77.56400000000001,3.5,0.1346
12.972,77.568,18.0,0.6923
12.972,77.572,1.0,0.0385
12.972,77.57600000000001,3.5,0.1346
12.972,77.58,9.5,0.3654
12.972,77.584,4.0,0.1538
12.972,77.58800000000001,15.0,0.5769
12.972,77.592,6.5,0.25
12.972,77.596,21.5,0.8269
12.972,77.60000000000001,3.0,0.1154
12.972,77.604,13.0,0.5
12.972,77.608,17.5,0.6731
12.972,77.612,9.5,0.3654
12.972,77.616,3.0,0.1154
12.972,77.62,22.0,0.8462
12.972,77.624,1.0,0.0385
12.972,77.632,2.5,0.0962
12.972,77.64,3.0,0.1154
12.972,77.652,1.0,0.0385
12.972,77.66,2.0,0.0769
12.972,77.7,15.0,0.5769
12.972,77.712,2.0,0.0769
12.972,77.72800000000001,1.0,0.0385
12.972,77.732,1.0,0.0385
12.972,77.752,1.0,0.0385
12.976,77.452,1.0,0.0385
12.976,77.508,2.0,0.0769
12.976,77.512,6.0,0.2308
12.976,77.532,1.0,0.0385
12.976,77.536,2.0,0.0769
12.976,77.54,3.5,0.1346
12.976,77.544,8.0,0.3077
12.976,77.548,12.0,0.4615
12.976,77.552,15.0,0.5769
12.976,77.556,4.0,0.1538
12.976,77.56,4.0,0.1538
12.976,77.56400000000001,23.0,0.8846
12.976,77.568,9.5,0.3654
12.976,77.572,17.0,0.6538
12.976,77.57600000000001,23.0,0.8846
12.976,77.58,9.5,0.3654
12.976,77.584,28.0,1.0
12.976,77.58800000000001,62.5,1.0
12.976,77.592,2.0,0.0769
12.976,77.60000000000001,35.0,1.0
12.976,77.604,1.0,0.0385
12.976,77.608,19.0,0.7308
12.976,77.612,14.0,0.5385
12.976,77.616,4.0,0.1538
12.976,77.62,8.5,0.3269
12.976,77.624,9.5,0.3654
12.976,77.628,9.0,0.3462
12.976,77.64,2.0,0.0769
12.976,77.69200000000001,2.0,0.0769
12.976,77.696,2.0,0.0769
12.976,77.712,1.0,0.0385
12.976,77.74,2.0,0.0769
12.976,77.752,6.0,0.2308
12.976,77.756,1.0,0.0385
12.98,77.512,6.5,0.25
12.98,77.516,10.0,0.3846
12.98,77.536,2.5,0.0962
12.98,77.54,2.0,0.0769
12.98,77.544,6.0,0.2308
12.98,77.548,3.0,0.1154
12.98,77.556,3.0,0.1154
12.98,77.56,2.0,0.0769
12.98,77.56400000000001,7.0,0.2692
12.98,77.572,75.0,1.0
12.98,77.57600000000001,4.5,0.1731
12.98,77.58,6.0,0.2308
12.98,77.584,16.5,0.6346
12.98,77.58800000000001,21.0,0.8077
12.98,77.592,6.0,0.2308
12.98,77.596,19.5,0.75
12.98,77.60000000000001,8.0,0.3077
12.98,77.604,26.0,1.0
12.98,77.608,4.0,0.1538
12.98,77.612,6.0,0.2308
12.98,77.624,2.5,0.0962
12.98,77.628,9.5,0.3654
12.98,77.632,5.5,0.2115
12.98,77.64,4.5,0.1731
12.98,77.644,7.0,0.2692
12.98,77.664,2.0,0.0769
12.98,77.752,5.0,0.1923
12.984,77.48,8.0,0.3077
12.984,77.484,1.0,0.0385
12.984,77.488,2.0,0.0769
12.984,77.516,1.0,0.0385
12.984,77.52,2.0,0.0769
12.984,77.524,12.5,0.4808
12.984,77.528,20.5,0.7885
12.984,77.532,10.0,0.3846
12.984,77.548,4.0,0.1538
12.984,77.552,6.0,0.2308
12.984,77.556,8.5,0.3269
12.984,77.56,4.0,0.1538
12.984,77.56400000000001,12.5,0.4808
12.984,77.568,14.0,0.5385
12.984,77.572,21.0,0.8077
12.984,77.57600000000001,39.5,1.0
12.984,77.58,3.0,0.1154
12.984,77.584,5.0,0.1923
12.984,77.58800000000001,19.5,0.75
12.984,77.592,11.0,0.4231
12.984,77.596,62.0,1.0
12.984,77.60000000000001,6.5,0.25
12.984,77.604,7.0,0.2692
12.984,77.608,2.0,0.0769
12.984,77.612,5.5,0.2115
12.984,77.624,3.5,0.1346
12.984,77.632,1.0,0.0385
12.984,77.636,5.0,0.1923
12.984,77.64,32.5,1.0
12.984,77.644,15.0,0.5769
12.984,77.648,2.0,0.0769
12.984,77.69200000000001,1.0,0.0385
12.984,77.708,3.0,0.1154
12.984,77.732,1.0,0.0385
12.984,77.752,16.0,0.6154
12.984,77.756,1.0,0.0385
12.988,77.47200000000001,15.0,0.5769
12.988,77.476,4.0,0.1538
12.988,77.488,6.5,0.25
12.988,77.492,9.5,0.3654
12.988,77.496,4.5,0.1731
12.988,77.5,19.5,0.75
12.988,77.504,9.0,0.3462
12.988,77.508,37.5,1.0
12.988,77.512,20.0,0.7692
12.988,77.516,2.0,0.0769
12.988,77.52,23.0,0.8846
12.988,77.524,1.0,0.0385
12.988,77.548,6.0,0.2308
12.988,77.552,4.0,0.1538
12.988,77.56,3.5,0.1346
12.988,77.572,12.5,0.4808
12.988,77.57600000000001,19.0,0.7308
12.988,77.58,15.5,0.5962
12.988,77.58800000000001,25.5,0.9808
12.988,77.592,7.0,0.2692
12.988,77.596,1.0,0.0385
12.988,77.60000000000001,4.0,0.1538
12.988,77.604,3.0,0.1154
12.988,77.616,4.5,0.1731
12.988,77.62,6.0,0.2308
12.988,77.644,3.0,0.1154
12.988,77.648,26.5,1.0
12.988,77.652,5.0,0.1923
12.988,77.664,25.0,0.9615
12.988,77.688,1.0,0.0385
12.988,77.724,1.0,0.0385
12.988,77.72800000000001,3.5,0.1346
12.988,77.732,9.5,0.3654
12.988,77.736,5.0,0.1923
12.988,77.74,1.0,0.0385
12.988,77.744,2.0,0.0769
12.988,77.752,1.0,0.0385
12.992,77.488,5.0,0.1923
12.992,77.5,1.0,0.0385
12.992,77.504,21.0,0.8077
12.992,77.536,1.0,0.0385
12.992,77.552,4.5,0.1731
12.992,77.556,1.0,0.0385
12.992,77.572,14.0,0.5385
12.992,77.57600000000001,5.0,0.1923
12.992,77.584,36.5,1.0
12.992,77.58800000000001,10.0,0.3846
12.992,77.592,4.5,0.1731
12.992,77.596,14.5,0.5577
12.992,77.60000000000001,4.0,0.1538
12.992,77.604,4.0,0.1538
12.992,77.608,8.0,0.3077
12.992,77.612,2.0,0.0769
12.992,77.62,4.5,0.1731
12.992,77.632,1.0,0.0385
12.992,77.656,30.0,1.0
12.992,77.66,19.5,0.75
12.992,77.664,9.5,0.3654
12.992,77.70400000000001,1.0,0.0385
12.992,77.708,1.0,0.0385
12.992,77.712,4.0,0.1538
12.992,77.71600000000001,8.0,0.3077
12.992,77.72,2.5,0.0962
12.992,77.756,1.0,0.0385
12.992,77.768,1.0,0.0385
12.996,77.488,3.5,0.1346
12.996,77.496,1.0,0.0385
12.996,77.524,1.0,0.0385
12.996,77.544,2.5,0.0962
12.996,77.548,1.0,0.0385
12.996,77.552,21.5,0.8269
12.996,77.556,1.0,0.0385
12.996,77.568,1.0,0.0385
12.996,77.572,1.0,0.0385
12.996,77.584,47.0,1.0
12.996,77.596,10.0,0.3846
12.996,77.60000000000001,2.5,0.0962
12.996,77.604,2.0,0.0769
12.996,77.608,6.5,0.25
12.996,77.612,8.5,0.3269
12.996,77.616,14.0,0.5385
12.996,77.62,1.0,0.0385
12.996,77.656,1.0,0.0385
12.996,77.664,8.0,0.3077
12.996,77.668,31.0,1.0
12.996,77.672,4.0,0.1538
12.996,77.684,3.0,0.1154
12.996,77.69200000000001,1.0,0.0385
12.996,77.696,1.0,0.0385
12.996,77.7,2.0,0.0769
12.996,77.71600000000001,3.5,0.1346
12.996,77.72,4.0,0.1538
12.996,77.756,4.0,0.1538
12.996,77.76,4.0,0.1538
13.0,77.488,1.0,0.0385
13.0,77.524,3.0,0.1154
13.0,77.532,1.0,0.0385
13.0,77.54,4.5,0.1731
13.0,77.544,1.0,0.0385
13.0,77.548,3.5,0.1346
13.0,77.552,14.0,0.5385
13.0,77.568,1.0,0.0385
13.0,77.572,10.0,0.3846
13.0,77.584,76.0,1.0
13.0,77.596,5.0,0.1923
13.0,77.60000000000001,11.0,0.4231
13.0,77.612,12.0,0.4615
13.0,77.616,1.0,0.0385
13.0,77.62,6.5,0.25
13.0,77.628,1.0,0.0385
13.0,77.632,1.0,0.0385
13.0,77.664,7.5,0.2885
13.0,77.668,1.0,0.0385
13.0,77.672,4.0,0.1538
13.0,77.676,19.0,0.7308
13.0,77.68,7.0,0.2692
13.0,77.684,3.0,0.1154
13.0,77.688,2.0,0.0769
13.0,77.712,1.0,0.0385
13.0,77.724,1.0,0.0385
13.0,77.756,6.0,0.2308
13.0,77.76,1.0,0.0385
13.004,77.524,3.0,0.1154
13.004,77.528,2.0,0.0769
13.004,77.532,1.0,0.0385
13.004,77.548,2.0,0.0769
13.004,77.552,2.0,0.0769
13.004,77.56,1.0,0.0385
13.004,77.568,2.5,0.0962
13.004,77.572,7.0,0.2692
13.004,77.58,2.5,0.0962
13.004,77.584,29.0,1.0
13.004,77.592,6.5,0.25
13.004,77.596,1.0,0.0385
13.004,77.612,9.0,0.3462
13.004,77.616,4.0,0.1538
13.004,77.62,6.5,0.25
13.004,77.624,5.0,0.1923
13.004,77.636,4.5,0.1731
13.004,77.64,2.0,0.0769
13.004,77.664,11.0,0.4231
13.004,77.68,6.0,0.2308
13.004,77.684,16.0,0.6154
13.004,77.688,1.0,0.0385
13.004,77.69200000000001,1.0,0.0385
13.004,77.712,2.0,0.0769
13.004,77.71600000000001,1.0,0.0385
13.004,77.72800000000001,1.0,0.0385
13.004,77.756,8.0,0.3077
13.008000000000001,77.488,1.0,0.0385
13.008000000000001,77.504,4.5,0.1731
13.008000000000001,77.508,2.0,0.0769
13.008000000000001,77.528,11.0,0.4231
13.008000000000001,77.544,3.0,0.1154
13.008000000000001,77.548,13.5,0.5192
13.008000000000001,77.556,2.0,0.0769
13.008000000000001,77.568,3.5,0.1346
13.008000000000001,77.572,7.0,0.2692
13.008000000000001,77.57600000000001,1.0,0.0385
13.008000000000001,77.58,13.0,0.5
13.008000000000001,77.584,16.0,0.6154
13.008000000000001,77.592,9.0,0.3462
13.008000000000001,77.612,5.0,0.1923
13.008000000000001,77.624,2.0,0.0769
13.008000000000001,77.652,1.0,0.0385
13.008000000000001,77.664,8.5,0.3269
13.008000000000001,77.688,6.0,0.2308
13.008000000000001,77.69200000000001,21.0,0.8077
13.008000000000001,77.696,22.0,0.8462
13.008000000000001,77.756,3.0,0.1154
13.008000000000001,77.76,1.0,0.0385
13.012,77.508,2.0,0.0769
13.012,77.528,3.0,0.1154
13.012,77.532,1.0,0.0385
13.012,77.544,4.5,0.1731
13.012,77.552,5.0,0.1923
13.012,77.556,14.0,0.5385
13.012,77.56,2.5,0.0962
13.012,77.56400000000001,1.0,0.0385
13.012,77.568,14.5,0.5577
13.012,77.572,2.5,0.0962
13.012,77.58,3.0,0.1154
13.012,77.584,24.0,0.9231
13.012,77.58800000000001,1.0,0.0385
13.012,77.592,7.0,0.2692
13.012,77.616,13.5,0.5192
13.012,77.624,3.0,0.1154
13.012,77.628,1.0,0.0385
13.012,77.648,5.0,0.1923
13.012,77.66,2.0,0.0769
13.012,77.664,6.5,0.25
13.012,77.696,21.0,0.8077
13.012,77.7,21.5,0.8269
13.012,77.708,1.0,0.0385
13.016,77.504,1.0,0.0385
13.016,77.508,1.0,0.0385
13.016,77.532,1.0,0.0385
13.016,77.544,1.0,0.0385
13.016,77.552,6.0,0.2308
13.016,77.556,28.5,1.0
13.016,77.56,17.0,0.6538
13.016,77.56400000000001,18.5,0.7115
13.016,77.568,10.0,0.3846
13.016,77.572,28.0,1.0
13.016,77.57600000000001,1.0,0.0385
13.016,77.58,1.0,0.0385
13.016,77.584,69.5,1.0
13.016,77.628,2.0,0.0769
13.016,77.644,2.0,0.0769
13.016,77.656,3.5,0.1346
13.016,77.66,13.5,0.5192
13.016,77.664,1.0,0.0385
13.016,77.7,2.0,0.0769
13.016,77.70400000000001,4.0,0.1538
13.016,77.708,18.5,0.7115
13.02,77.5,1.0,0.0385
13.02,77.528,14.0,0.5385
13.02,77.532,17.0,0.6538
13.02,77.536,2.0,0.0769
13.02,77.54,5.0,0.1923
13.02,77.552,16.0,0.6154
13.02,77.556,15.0,0.5769
13.02,77.56,14.0,0.5385
13.02,77.572,1.0,0.0385
13.02,77.584,42.5,1.0
13.02,77.58800000000001,1.0,0.0385
13.02,77.604,8.5,0.3269
13.02,77.62,8.5,0.3269
13.02,77.632,1.0,0.0385
13.02,77.648,2.0,0.0769
13.02,77.652,6.0,0.2308
13.02,77.656,20.0,0.7692
13.02,77.672,1.0,0.0385
13.02,77.676,1.0,0.0385
13.02,77.708,60.0,1.0
13.02,77.712,5.0,0.1923
13.024000000000001,77.508,1.0,0.0385
13.024000000000001,77.512,3.0,0.1154
13.024000000000001,77.52,3.0,0.1154
13.024000000000001,77.524,2.5,0.0962
13.024000000000001,77.532,1.0,0.0385
13.024000000000001,77.536,1.0,0.0385
13.024000000000001,77.544,3.0,0.1154
13.024000000000001,77.548,4.0,0.1538
13.024000000000001,77.552,4.0,0.1538
13.024000000000001,77.556,1.0,0.0385
13.024000000000001,77.56400000000001,1.0,0.0385
13.024000000000001,77.58,3.0,0.1154
13.024000000000001,77.584,41.0,1.0
13.024000000000001,77.592,1.0,0.0385
13.024000000000001,77.60000000000001,9.0,0.3462
13.024000000000001,77.604,1.0,0.0385
13.024000000000001,77.62,2.0,0.0769
13.024000000000001,77.64,5.0,0.1923
13.024000000000001,77.644,8.5,0.3269
13.024000000000001,77.648,5.0,0.1923
13.024000000000001,77.66,2.0,0.0769
13.024000000000001,77.712,1.0,0.0385
13.024000000000001,77.71600000000001,7.0,0.2692
13.024000000000001,77.72,4.5,0.1731
13.028,77.44800000000001,1.0,0.0385
13.028,77.52,1.0,0.0385
13.028,77.536,17.0,0.6538
13.028,77.54,43.5,1.0
13.028,77.544,22.0,0.8462
13.028,77.56,2.0,0.0769
13.028,77.56400000000001,2.0,0.0769
13.028,77.572,4.5,0.1731
13.028,77.57600000000001,4.0,0.1538
13.028,77.58,17.0,0.6538
13.028,77.584,10.0,0.3846
13.028,77.58800000000001,11.5,0.4423
13.028,77.62,5.0,0.1923
13.028,77.632,16.0,0.6154
13.028,77.636,7.0,0.2692
13.028,77.66,2.0,0.0769
13.028,77.72,3.0,0.1154
13.028,77.724,2.0,0.0769
13.032,77.484,1.0,0.0385
13.032,77.516,1.0,0.0385
13.032,77.524,2.5,0.0962
13.032,77.532,13.0,0.5
13.032,77.536,29.5,1.0
13.032,77.54,11.0,0.4231
13.032,77.552,1.0,0.0385
13.032,77.56,3.0,0.1154
13.032,77.56400000000001,6.0,0.2308
13.032,77.568,3.0,0.1154
13.032,77.57600000000001,3.0,0.1154
13.032,77.584,1.0,0.0385
13.032,77.58800000000001,24.5,0.9423
13.032,77.592,1.0,0.0385
13.032,77.62,1.0,0.0385
13.032,77.628,7.5,0.2885
13.032,77.632,11.0,0.4231
13.032,77.648,1.0,0.0385
13.032,77.72,1.0,0.0385
13.036,77.52,6.5,0.25
13.036,77.524,12.0,0.4615
13.036,77.528,26.0,1.0
13.036,77.532,9.0,0.3462
13.036,77.536,6.5,0.25
13.036,77.54,22.0,0.8462
13.036,77.556,5.5,0.2115
13.036,77.568,1.0,0.0385
13.036,77.57600000000001,2.0,0.0769
13.036,77.58800000000001,44.5,1.0
13.036,77.592,1.0,0.0385
13.036,77.624,3.0,0.1154
13.036,77.628,32.0,1.0
13.036,77.652,1.0,0.0385
13.036,77.656,1.0,0.0385
13.036,77.736,3.0,0.1154
13.040000000000001,77.516,24.0,0.9231
13.040000000000001,77.52,51.5,1.0
13.040000000000001,77.528,2.0,0.0769
13.040000000000001,77.54,3.5,0.1346
13.040000000000001,77.544,32.0,1.0
13.040000000000001,77.548,33.5,1.0
13.040000000000001,77.556,2.0,0.0769
13.040000000000001,77.56400000000001,2.5,0.0962
13.040000000000001,77.57600000000001,1.0,0.0385
13.040000000000001,77.58800000000001,27.0,1.0
13.040000000000001,77.592,2.0,0.0769
13.040000000000001,77.596,4.0,0.1538
13.040000000000001,77.612,27.0,1.0
13.040000000000001,77.616,25.5,0.9808
13.040000000000001,77.62,13.0,0.5
13.040000000000001,77.624,59.5,1.0
13.040000000000001,77.628,9.0,0.3462
13.040000000000001,77.64,32.5,1.0
13.040000000000001,77.74,6.0,0.2308
13.044,77.504,6.0,0.2308
13.044,77.508,49.5,1.0
13.044,77.512,8.0,0.3077
13.044,77.516,21.0,0.8077
13.044,77.52,1.0,0.0385
13.044,77.524,2.0,0.0769
13.044,77.544,1.0,0.0385
13.044,77.548,10.0,0.3846
13.044,77.552,24.0,0.9231
13.044,77.556,31.5,1.0
13.044,77.56,6.0,0.2308
13.044,77.56400000000001,4.0,0.1538
13.044,77.58,15.0,0.5769
13.044,77.584,39.0,1.0
13.044,77.58800000000001,5.0,0.1923
13.044,77.592,23.0,0.8846
13.044,77.596,4.0,0.1538
13.044,77.60000000000001,5.0,0.1923
13.044,77.604,6.0,0.2308
13.044,77.608,10.5,0.4038
13.044,77.612,12.5,0.4808
13.044,77.624,2.0,0.0769
13.044,77.628,1.0,0.0385
13.044,77.64,1.0,0.0385
13.044,77.644,6.0,0.2308
13.044,77.748,4.5,0.1731
13.044,77.752,3.5,0.1346
13.048,77.488,1.0,0.0385
13.048,77.496,31.0,1.0
13.048,77.5,22.0,0.8462
13.048,77.504,11.0,0.4231
13.048,77.508,3.5,0.1346
13.048,77.512,2.0,0.0769
13.048,77.524,1.0,0.0385
13.048,77.544,2.0,0.0769
13.048,77.548,1.0,0.0385
13.048,77.552,2.0,0.0769
13.048,77.556,10.5,0.4038
13.048,77.56400000000001,2.0,0.0769
13.048,77.568,4.0,0.1538
13.048,77.572,6.0,0.2308
13.048,77.57600000000001,2.0,0.0769
13.048,77.58,2.0,0.0769
13.048,77.592,29.5,1.0
13.048,77.596,3.5,0.1346
13.048,77.604,2.0,0.0769
13.048,77.62,2.5,0.0962
13.048,77.628,1.0,0.0385
13.048,77.644,23.0,0.8846
13.048,77.752,2.0,0.0769
13.048,77.756,1.0,0.0385
13.052,77.484,3.0,0.1154
13.052,77.488,17.5,0.6731
13.052,77.492,5.5,0.2115
13.052,77.496,2.0,0.0769
13.052,77.508,2.0,0.0769
13.052,77.528,1.0,0.0385
13.052,77.532,1.0,0.0385
13.052,77.54,1.0,0.0385
13.052,77.544,3.0,0.1154
13.052,77.552,8.0,0.3077
13.052,77.592,17.5,0.6731
13.052,77.596,2.0,0.0769
13.052,77.632,2.0,0.0769
13.052,77.644,4.0,0.1538
13.052,77.648,9.0,0.3462
13.052,77.756,1.0,0.0385
13.052,77.76,2.5,0.0962
13.052,77.764,1.0,0.0385
13.056000000000001,77.468,4.0,0.1538
13.056000000000001,77.47200000000001,24.0,0.9231
13.056000000000001,77.476,14.5,0.5577
13.056000000000001,77.48,4.5,0.1731
13.056000000000001,77.484,1.0,0.0385
13.056000000000001,77.536,4.0,0.1538
13.056000000000001,77.548,9.0,0.3462
13.056000000000001,77.58800000000001,3.5,0.1346
13.056000000000001,77.592,10.0,0.3846
13.056000000000001,77.596,2.0,0.0769
13.056000000000001,77.60000000000001,3.5,0.1346
13.056000000000001,77.604,2.0,0.0769
13.056000000000001,77.612,1.0,0.0385
13.056000000000001,77.632,3.0,0.1154
13.056000000000001,77.648,6.5,0.25
13.056000000000001,77.764,3.5,0.1346
13.056000000000001,77.768,1.0,0.0385
13.06,77.46000000000001,12.5,0.4808
13.06,77.464,21.5,0.8269
13.06,77.468,8.5,0.3269
13.06,77.476,1.0,0.0385
13.06,77.508,2.0,0.0769
13.06,77.544,1.0,0.0385
13.06,77.548,2.5,0.0962
13.06,77.56,3.5,0.1346
13.06,77.57600000000001,5.5,0.2115
13.06,77.592,4.0,0.1538
13.06,77.596,3.5,0.1346
13.06,77.632,5.0,0.1923
13.064,77.452,6.5,0.25
13.064,77.456,13.5,0.5192
13.064,77.46000000000001,5.0,0.1923
13.064,77.5,1.0,0.0385
13.064,77.504,3.0,0.1154
13.064,77.544,1.0,0.0385
13.064,77.572,1.0,0.0385
13.064,77.592,9.0,0.3462
13.064,77.596,2.5,0.0962
13.064,77.632,2.0,0.0769
13.064,77.64,2.5,0.0962
13.064,77.644,1.0,0.0385
13.064,77.648,1.0,0.0385
13.064,77.652,4.0,0.1538
13.064,77.656,1.0,0.0385
13.068,77.444,2.0,0.0769
13.068,77.44800000000001,14.5,0.5577
13.068,77.452,10.0,0.3846
13.068,77.572,1.0,0.0385
13.068,77.584,3.0,0.1154
13.068,77.592,20.5,0.7885
13.068,77.60000000000001,1.0,0.0385
13.068,77.62,4.5,0.1731
13.068,77.632,1.0,0.0385
13.068,77.64,8.5,0.3269
13.068,77.652,2.0,0.0769
13.072000000000001,77.436,1.0,0.0385
13.072000000000001,77.44,5.0,0.1923
13.072000000000001,77.444,4.0,0.1538
13.072000000000001,77.504,1.0,0.0385
13.072000000000001,77.56400000000001,4.0,0.1538
13.072000000000001,77.58800000000001,3.0,0.1154
13.072000000000001,77.592,21.0,0.8077
13.072000000000001,77.596,1.0,0.0385
13.072000000000001,77.604,2.5,0.0962
13.072000000000001,77.62,1.0,0.0385
13.072000000000001,77.632,1.0,0.0385
13.072000000000001,77.636,1.0,0.0385
13.072000000000001,77.652,2.0,0.0769
13.076,77.428,1.0,0.0385
13.076,77.432,5.5,0.2115
13.076,77.436,11.0,0.4231
13.076,77.44,1.0,0.0385
13.076,77.548,1.0,0.0385
13.076,77.592,12.5,0.4808
13.076,77.652,2.0,0.0769
13.08,77.424,1.0,0.0385
13.08,77.428,4.5,0.1731
13.08,77.504,3.0,0.1154
13.08,77.548,10.0,0.3846
13.08,77.56,2.0,0.0769
13.08,77.592,13.5,0.5192
13.08,77.676,1.0,0.0385
13.084,77.552,7.5,0.2885
13.084,77.592,11.0,0.4231
13.084,77.596,8.0,0.3077
13.088000000000001,77.392,1.0,0.0385
13.088000000000001,77.556,1.0,0.0385
13.088000000000001,77.58800000000001,1.0,0.0385
13.088000000000001,77.596,15.0,0.5769
13.088000000000001,77.636,3.0,0.1154
13.092,77.536,1.0,0.0385
13.092,77.54,1.0,0.0385
13.092,77.56,1.0,0.0385
13.092,77.592,1.0,0.0385
13.092,77.596,29.5,1.0
13.092,77.604,1.0,0.0385
13.096,77.512,1.0,0.0385
13.096,77.56,2.0,0.0769
13.096,77.56400000000001,2.0,0.0769
13.096,77.568,2.0,0.0769
13.096,77.58,1.0,0.0385
13.096,77.592,6.0,0.2308
13.096,77.596,29.0,1.0
13.096,77.60000000000001,20.5,0.7885
13.1,77.572,2.0,0.0769
13.1,77.58,1.0,0.0385
13.1,77.584,5.5,0.2115
13.1,77.58800000000001,6.0,0.2308
13.1,77.592,2.0,0.0769
13.1,77.596,13.0,0.5
13.1,77.60000000000001,12.0,0.4615
13.1,77.7,1.0,0.0385
13.104000000000001,77.584,3.0,0.1154
13.104000000000001,77.58800000000001,7.5,0.2885
13.104000000000001,77.60000000000001,20.0,0.7692
13.104000000000001,77.608,1.0,0.0385
13.104000000000001,77.624,1.0,0.0385
13.104000000000001,77.628,5.0,0.1923
13.108,77.308,1.0,0.0385
13.108,77.58,5.0,0.1923
13.108,77.60000000000001,5.0,0.1923
13.108,77.604,18.0,0.6923
13.108,77.636,1.0,0.0385
13.112,77.58,4.0,0.1538
13.112,77.604,8.0,0.3077
13.112,77.632,2.0,0.0769
13.112,77.636,1.0,0.0385
13.116,77.57600000000001,3.0,0.1154
13.116,77.58,3.0,0.1154
13.116,77.608,19.0,0.7308
13.116,77.612,1.0,0.0385
13.120000000000001,77.57600000000001,3.0,0.1154
13.120000000000001,77.608,6.5,0.25
13.120000000000001,77.612,16.0,0.6154
13.120000000000001,77.616,3.0,0.1154
13.120000000000001,77.62,6.5,0.25
13.120000000000001,77.668,1.0,0.0385
13.124,77.57600000000001,2.0,0.0769
13.124,77.612,16.0,0.6154
13.124,77.64,2.5,0.0962
13.128,77.612,3.0,0.1154
13.128,77.616,3.0,0.1154
13.132,77.616,4.0,0.1538
13.132,77.656,1.0,0.0385
13.132,77.668,1.0,0.0385
13.132,77.696,1.0,0.0385
13.136000000000001,77.616,5.0,0.1923
13.14,77.568,2.0,0.0769
13.14,77.616,9.0,0.3462
13.144,77.532,1.0,0.0385
13.144,77.616,2.0,0.0769
13.148,77.616,2.0,0.0769
13.148,77.62,3.0,0.1154
13.152000000000001,77.62,4.0,0.1538
13.156,77.624,3.0,0.1154
13.156,77.72800000000001,1.0,0.0385
13.16,77.596,4.0,0.1538
13.16,77.628,2.0,0.0769
13.164,77.632,1.0,0.0385
13.168000000000001,77.712,1.0,0.0385
13.172,77.632,1.0,0.0385
13.172,77.732,1.0,0.0385
13.176,77.636,6.0,0.2308
13.18,77.636,1.0,0.0385
13.18,77.64,1.0,0.0385
13.18,77.69200000000001,1.0,0.0385
13.184000000000001,77.568,3.0,0.1154
13.184000000000001,77.572,1.0,0.0385
13.184000000000001,77.64,3.0,0.1154
13.184000000000001,77.644,1.0,0.0385
13.184000000000001,77.68,4.0,0.1538
13.184000000000001,77.7,1.0,0.0385
13.188,77.68,1.0,0.0385
13.188,77.712,1.0,0.0385
13.192,77.644,8.0,0.3077
13.192,77.648,2.0,0.0769
13.192,77.652,1.0,0.0385
13.196,77.652,2.0,0.0769
13.196,77.708,1.0,0.0385
13.200000000000001,77.66,1.0,0.0385
13.200000000000001,77.664,1.0,0.0385
13.200000000000001,77.696,2.0,0.0769
13.200000000000001,77.708,1.0,0.0385
13.204,77.636,1.0,0.0385
13.204,77.664,1.0,0.0385
13.212,77.672,1.0,0.0385
13.22,77.684,1.0,0.0385
13.228,77.688,2.0,0.0769
13.228,77.69200000000001,1.0,0.0385
13.232000000000001,77.69200000000001,3.0,0.1154
13.232000000000001,77.712,1.0,0.0385
13.24,77.70400000000001,1.0,0.0385
13.244,77.70400000000001,3.0,0.1154
13.248000000000001,77.71600000000001,1.0,0.0385
13.252,77.708,2.0,0.0769
13.252,77.71600000000001,1.0,0.0385
13.256,77.712,7.0,0.2692
13.264000000000001,77.71600000000001,1.0,0.0385
13.264000000000001,77.72,3.5,0.1346
13.268,77.72,3.0,0.1154
